approach,level,region,year,target,value
bottom_up,region,Івано-Франківська,2022,marriage,53665.43313013505
bottom_up,region,Івано-Франківська,2023,marriage,52146.7946330494
bottom_up,region,Івано-Франківська,2024,marriage,50628.156135963756
bottom_up,region,Івано-Франківська,2025,marriage,49109.51763887812
bottom_up,region,Івано-Франківська,2026,marriage,47590.87914179247
bottom_up,region,Автономна Республіка Крим,2022,marriage,-8112.706618823133
bottom_up,region,Автономна Республіка Крим,2023,marriage,-14764.400095830175
bottom_up,region,Автономна Республіка Крим,2024,marriage,-21416.093572837217
bottom_up,region,Автономна Республіка Крим,2025,marriage,-28067.787049844257
bottom_up,region,Автономна Республіка Крим,2026,marriage,-34719.480526851294
bottom_up,region,Волинська,2022,marriage,42599.3376997848
bottom_up,region,Волинська,2023,marriage,41567.581318480195
bottom_up,region,Волинська,2024,marriage,40535.82493717558
bottom_up,region,Волинська,2025,marriage,39504.068555870974
bottom_up,region,Волинська,2026,marriage,38472.31217456637
bottom_up,region,Вінницька,2022,marriage,56256.04705894253
bottom_up,region,Вінницька,2023,marriage,51891.915790408195
bottom_up,region,Вінницька,2024,marriage,47527.78452187386
bottom_up,region,Вінницька,2025,marriage,43163.65325333952
bottom_up,region,Вінницька,2026,marriage,38799.521984805186
bottom_up,region,Дніпропетровська,2022,marriage,126930.2748406036
bottom_up,region,Дніпропетровська,2023,marriage,119365.66446534554
bottom_up,region,Дніпропетровська,2024,marriage,111801.05409008748
bottom_up,region,Дніпропетровська,2025,marriage,104236.44371482942
bottom_up,region,Дніпропетровська,2026,marriage,96671.83333957136
bottom_up,region,Донецька,2022,marriage,47358.15917138386
bottom_up,region,Донецька,2023,marriage,36440.42616419383
bottom_up,region,Донецька,2024,marriage,25522.693157003803
bottom_up,region,Донецька,2025,marriage,14604.960149813778
bottom_up,region,Донецька,2026,marriage,3687.2271426237567
bottom_up,region,Житомирська,2022,marriage,41793.129623659064
bottom_up,region,Житомирська,2023,marriage,37993.82093933568
bottom_up,region,Житомирська,2024,marriage,34194.5122550123
bottom_up,region,Житомирська,2025,marriage,30395.203570688915
bottom_up,region,Житомирська,2026,marriage,26595.894886365535
bottom_up,region,Закарпатська,2022,marriage,50805.48663175909
bottom_up,region,Закарпатська,2023,marriage,49571.3675042384
bottom_up,region,Закарпатська,2024,marriage,48337.24837671771
bottom_up,region,Закарпатська,2025,marriage,47103.129249197016
bottom_up,region,Закарпатська,2026,marriage,45869.01012167632
bottom_up,region,Запорізька,2022,marriage,61110.39081750976
bottom_up,region,Запорізька,2023,marriage,56344.0573151092
bottom_up,region,Запорізька,2024,marriage,51577.723812708646
bottom_up,region,Запорізька,2025,marriage,46811.39031030808
bottom_up,region,Запорізька,2026,marriage,42045.05680790752
bottom_up,region,Київ,2022,marriage,190020.64019428022
bottom_up,region,Київ,2023,marriage,184568.07433335372
bottom_up,region,Київ,2024,marriage,179115.5084724272
bottom_up,region,Київ,2025,marriage,173662.9426115007
bottom_up,region,Київ,2026,marriage,168210.3767505742
bottom_up,region,Київська,2022,marriage,84965.833914274
bottom_up,region,Київська,2023,marriage,82965.58443242934
bottom_up,region,Київська,2024,marriage,80965.3349505847
bottom_up,region,Київська,2025,marriage,78965.08546874006
bottom_up,region,Київська,2026,marriage,76964.8359868954
bottom_up,region,Кіровоградська,2022,marriage,28582.09707237586
bottom_up,region,Кіровоградська,2023,marriage,25585.896425512507
bottom_up,region,Кіровоградська,2024,marriage,22589.695778649155
bottom_up,region,Кіровоградська,2025,marriage,19593.4951317858
bottom_up,region,Кіровоградська,2026,marriage,16597.294484922444
bottom_up,region,Луганська,2022,marriage,11252.691319601123
bottom_up,region,Луганська,2023,marriage,4768.827510192108
bottom_up,region,Луганська,2024,marriage,-1715.0362992169066
bottom_up,region,Луганська,2025,marriage,-8198.90010862592
bottom_up,region,Луганська,2026,marriage,-14682.763918034932
bottom_up,region,Львівська,2022,marriage,98681.67729202627
bottom_up,region,Львівська,2023,marriage,93123.93850068009
bottom_up,region,Львівська,2024,marriage,87566.19970933389
bottom_up,region,Львівська,2025,marriage,82008.46091798772
bottom_up,region,Львівська,2026,marriage,76450.72212664151
bottom_up,region,Миколаївська,2022,marriage,40830.97516789323
bottom_up,region,Миколаївська,2023,marriage,37390.797064935134
bottom_up,region,Миколаївська,2024,marriage,33950.61896197703
bottom_up,region,Миколаївська,2025,marriage,30510.44085901893
bottom_up,region,Миколаївська,2026,marriage,27070.26275606083
bottom_up,region,Одеська,2022,marriage,116409.496367271
bottom_up,region,Одеська,2023,marriage,113668.9493989065
bottom_up,region,Одеська,2024,marriage,110928.40243054199
bottom_up,region,Одеська,2025,marriage,108187.85546217747
bottom_up,region,Одеська,2026,marriage,105447.30849381296
bottom_up,region,Полтавська,2022,marriage,48905.09290137407
bottom_up,region,Полтавська,2023,marriage,44549.99619482661
bottom_up,region,Полтавська,2024,marriage,40194.899488279145
bottom_up,region,Полтавська,2025,marriage,35839.80278173168
bottom_up,region,Полтавська,2026,marriage,31484.706075184222
bottom_up,region,Рівненська,2022,marriage,46849.62607718137
bottom_up,region,Рівненська,2023,marriage,45649.4306782421
bottom_up,region,Рівненська,2024,marriage,44449.23527930283
bottom_up,region,Рівненська,2025,marriage,43249.03988036357
bottom_up,region,Рівненська,2026,marriage,42048.8444814243
bottom_up,region,Севастополь,2022,marriage,-1737.9997893991645
bottom_up,region,Севастополь,2023,marriage,-2950.9233957264
bottom_up,region,Севастополь,2024,marriage,-4163.847002053635
bottom_up,region,Севастополь,2025,marriage,-5376.770608380872
bottom_up,region,Севастополь,2026,marriage,-6589.694214708106
bottom_up,region,Сумська,2022,marriage,32945.40574219042
bottom_up,region,Сумська,2023,marriage,30078.654805438426
bottom_up,region,Сумська,2024,marriage,27211.903868686437
bottom_up,region,Сумська,2025,marriage,24345.15293193444
bottom_up,region,Сумська,2026,marriage,21478.401995182452
bottom_up,region,Тернопільська,2022,marriage,37298.01398056766
bottom_up,region,Тернопільська,2023,marriage,35136.926357662654
bottom_up,region,Тернопільська,2024,marriage,32975.83873475764
bottom_up,region,Тернопільська,2025,marriage,30814.751111852638
bottom_up,region,Тернопільська,2026,marriage,28653.663488947634
bottom_up,region,Харківська,2022,marriage,110754.99084952929
bottom_up,region,Харківська,2023,marriage,104773.71813883464
bottom_up,region,Харківська,2024,marriage,98792.44542813997
bottom_up,region,Харківська,2025,marriage,92811.17271744531
bottom_up,region,Харківська,2026,marriage,86829.90000675066
bottom_up,region,Херсонська,2022,marriage,39069.69296245475
bottom_up,region,Херсонська,2023,marriage,36400.24221478506
bottom_up,region,Херсонська,2024,marriage,33730.79146711537
bottom_up,region,Херсонська,2025,marriage,31061.34071944569
bottom_up,region,Херсонська,2026,marriage,28391.889971776
bottom_up,region,Хмельницька,2022,marriage,42352.55837883429
bottom_up,region,Хмельницька,2023,marriage,38392.22527405048
bottom_up,region,Хмельницька,2024,marriage,34431.89216926667
bottom_up,region,Хмельницька,2025,marriage,30471.559064482855
bottom_up,region,Хмельницька,2026,marriage,26511.22595969904
bottom_up,region,Черкаська,2022,marriage,41477.57876670906
bottom_up,region,Черкаська,2023,marriage,38403.53668507636
bottom_up,region,Черкаська,2024,marriage,35329.494603443665
bottom_up,region,Черкаська,2025,marriage,32255.452521810967
bottom_up,region,Черкаська,2026,marriage,29181.410440178268
bottom_up,region,Чернівецька,2022,marriage,33517.449307678595
bottom_up,region,Чернівецька,2023,marriage,31187.653438269044
bottom_up,region,Чернівецька,2024,marriage,28857.8575688595
bottom_up,region,Чернівецька,2025,marriage,26528.06169944995
bottom_up,region,Чернівецька,2026,marriage,24198.265830040407
bottom_up,region,Чернігівська,2022,marriage,32080.395967485812
bottom_up,region,Чернігівська,2023,marriage,29330.715469286977
bottom_up,region,Чернігівська,2024,marriage,26581.03497108814
bottom_up,region,Чернігівська,2025,marriage,23831.354472889303
bottom_up,region,Чернігівська,2026,marriage,21081.673974690464
bottom_up,country,COUNTRY_TOTAL,2022,marriage,1506661.7688272824
bottom_up,country,COUNTRY_TOTAL,2023,marriage,1403581.4715610857
bottom_up,country,COUNTRY_TOTAL,2024,marriage,1300501.1742948887
bottom_up,country,COUNTRY_TOTAL,2025,marriage,1197420.8770286918
bottom_up,country,COUNTRY_TOTAL,2026,marriage,1094340.579762495
top_down,country,COUNTRY_TOTAL,2022,marriage,4552370.409278598
top_down,country,COUNTRY_TOTAL,2023,marriage,4250875.853596241
top_down,country,COUNTRY_TOTAL,2024,marriage,3949381.297913885
top_down,country,COUNTRY_TOTAL,2025,marriage,3647886.7422315287
top_down,country,COUNTRY_TOTAL,2026,marriage,3346392.1865491723
top_down,region,Івано-Франківська,2022,marriage,151012.32278107837
top_down,region,Автономна Республіка Крим,2022,marriage,0.0
top_down,region,Волинська,2022,marriage,117892.06051546465
top_down,region,Вінницька,2022,marriage,171508.4452228521
top_down,region,Дніпропетровська,2022,marriage,394079.6593778255
top_down,region,Донецька,2022,marriage,176678.93273766158
top_down,region,Житомирська,2022,marriage,129334.80529410925
top_down,region,Закарпатська,2022,marriage,139688.55316266866
top_down,region,Запорізька,2022,marriage,190987.1832759713
top_down,region,Київ,2022,marriage,535981.4308357552
top_down,region,Київська,2022,marriage,236824.14216934185
top_down,region,Кіровоградська,2022,marriage,87263.63896970295
top_down,region,Луганська,2022,marriage,60040.67313285643
top_down,region,Львівська,2022,marriage,290897.62526407326
top_down,region,Миколаївська,2022,marriage,126753.76626008246
top_down,region,Одеська,2022,marriage,337628.07465285534
top_down,region,Полтавська,2022,marriage,149267.3361344324
top_down,region,Рівненська,2022,marriage,133199.7923120713
top_down,region,Севастополь,2022,marriage,0.0
top_down,region,Сумська,2022,marriage,104332.25073842813
top_down,region,Тернопільська,2022,marriage,111017.1791237271
top_down,region,Харківська,2022,marriage,328075.7629270119
top_down,region,Херсонська,2022,marriage,115138.01959251662
top_down,region,Хмельницька,2022,marriage,130672.7800067309
top_down,region,Черкаська,2022,marriage,132098.23412145456
top_down,region,Чернівецька,2022,marriage,105527.89953142671
top_down,region,Чернігівська,2022,marriage,96469.84113849945
top_down,region,Івано-Франківська,2023,marriage,141011.07308780996
top_down,region,Автономна Республіка Крим,2023,marriage,0.0
top_down,region,Волинська,2023,marriage,110084.30077536475
top_down,region,Вінницька,2023,marriage,160149.77757514862
top_down,region,Дніпропетровська,2023,marriage,367980.537134739
top_down,region,Донецька,2023,marriage,164977.83385177032
top_down,region,Житомирська,2023,marriage,120769.21502998334
top_down,region,Закарпатська,2023,marriage,130437.25450211791
top_down,region,Запорізька,2023,marriage,178338.47704471837
top_down,region,Київ,2023,marriage,500484.43282907776
top_down,region,Київська,2023,marriage,221139.74413075703
top_down,region,Кіровоградська,2023,marriage,81484.33946350012
top_down,region,Луганська,2023,marriage,56064.29721402413
top_down,region,Львівська,2023,marriage,271632.0465889973
top_down,region,Миколаївська,2023,marriage,118359.1131444752
top_down,region,Одеська,2023,marriage,315267.63004890166
top_down,region,Полтавська,2023,marriage,139381.65348127784
top_down,region,Рівненська,2023,marriage,124378.23154490298
top_down,region,Севастополь,2023,marriage,0.0
top_down,region,Сумська,2023,marriage,97422.53058129635
top_down,region,Тернопільська,2023,marriage,103664.729282476
top_down,region,Харківська,2023,marriage,306347.94917700905
top_down,region,Херсонська,2023,marriage,107512.6545764275
top_down,region,Хмельницька,2023,marriage,122018.5783038974
top_down,region,Черкаська,2023,marriage,123349.62739083858
top_down,region,Чернівецька,2023,marriage,98538.99390185127
top_down,region,Чернігівська,2023,marriage,90080.83293487913
top_down,region,Івано-Франківська,2024,marriage,131009.82339454156
top_down,region,Автономна Республіка Крим,2024,marriage,0.0
top_down,region,Волинська,2024,marriage,102276.54103526488
top_down,region,Вінницька,2024,marriage,148791.10992744513
top_down,region,Дніпропетровська,2024,marriage,341881.41489165253
top_down,region,Донецька,2024,marriage,153276.73496587906
top_down,region,Житомирська,2024,marriage,112203.62476585747
top_down,region,Закарпатська,2024,marriage,121185.95584156716
top_down,region,Запорізька,2024,marriage,165689.77081346544
top_down,region,Київ,2024,marriage,464987.4348224004
top_down,region,Київська,2024,marriage,205455.3460921722
top_down,region,Кіровоградська,2024,marriage,75705.0399572973
top_down,region,Луганська,2024,marriage,52087.92129519184
top_down,region,Львівська,2024,marriage,252366.46791392143
top_down,region,Миколаївська,2024,marriage,109964.46002886796
top_down,region,Одеська,2024,marriage,292907.185444948
top_down,region,Полтавська,2024,marriage,129495.97082812326
top_down,region,Рівненська,2024,marriage,115556.67077773467
top_down,region,Севастополь,2024,marriage,0.0
top_down,region,Сумська,2024,marriage,90512.81042416458
top_down,region,Тернопільська,2024,marriage,96312.27944122489
top_down,region,Харківська,2024,marriage,284620.13542700623
top_down,region,Херсонська,2024,marriage,99887.28956033842
top_down,region,Хмельницька,2024,marriage,113364.37660106392
top_down,region,Черкаська,2024,marriage,114601.0206602226
top_down,region,Чернівецька,2024,marriage,91550.08827227584
top_down,region,Чернігівська,2024,marriage,83691.8247312588
top_down,region,Івано-Франківська,2025,marriage,121008.57370127313
top_down,region,Автономна Республіка Крим,2025,marriage,0.0
top_down,region,Волинська,2025,marriage,94468.78129516498
top_down,region,Вінницька,2025,marriage,137432.44227974163
top_down,region,Дніпропетровська,2025,marriage,315782.292648566
top_down,region,Донецька,2025,marriage,141575.63607998777
top_down,region,Житомирська,2025,marriage,103638.03450173158
top_down,region,Закарпатська,2025,marriage,111934.65718101639
top_down,region,Запорізька,2025,marriage,153041.06458221248
top_down,region,Київ,2025,marriage,429490.43681572296
top_down,region,Київська,2025,marriage,189770.94805358734
top_down,region,Кіровоградська,2025,marriage,69925.74045109448
top_down,region,Луганська,2025,marriage,48111.54537635954
top_down,region,Львівська,2025,marriage,233100.8892388455
top_down,region,Миколаївська,2025,marriage,101569.80691326072
top_down,region,Одеська,2025,marriage,270546.7408409943
top_down,region,Полтавська,2025,marriage,119610.2881749687
top_down,region,Рівненська,2025,marriage,106735.11001056635
top_down,region,Севастополь,2025,marriage,0.0
top_down,region,Сумська,2025,marriage,83603.09026703279
top_down,region,Тернопільська,2025,marriage,88959.82959997377
top_down,region,Харківська,2025,marriage,262892.3216770034
top_down,region,Херсонська,2025,marriage,92261.92454424931
top_down,region,Хмельницька,2025,marriage,104710.17489823043
top_down,region,Черкаська,2025,marriage,105852.4139296066
top_down,region,Чернівецька,2025,marriage,84561.1826427004
top_down,region,Чернігівська,2025,marriage,77302.81652763847
top_down,region,Івано-Франківська,2026,marriage,111007.3240080047
top_down,region,Автономна Республіка Крим,2026,marriage,0.0
top_down,region,Волинська,2026,marriage,86661.0215550651
top_down,region,Вінницька,2026,marriage,126073.77463203811
top_down,region,Дніпропетровська,2026,marriage,289683.1704054795
top_down,region,Донецька,2026,marriage,129874.53719409648
top_down,region,Житомирська,2026,marriage,95072.4442376057
top_down,region,Закарпатська,2026,marriage,102683.35852046563
top_down,region,Запорізька,2026,marriage,140392.35835095952
top_down,region,Київ,2026,marriage,393993.43880904553
top_down,region,Київська,2026,marriage,174086.5500150025
top_down,region,Кіровоградська,2026,marriage,64146.44094489165
top_down,region,Луганська,2026,marriage,44135.16945752725
top_down,region,Львівська,2026,marriage,213835.3105637696
top_down,region,Миколаївська,2026,marriage,93175.15379765347
top_down,region,Одеська,2026,marriage,248186.2962370406
top_down,region,Полтавська,2026,marriage,109724.60552181411
top_down,region,Рівненська,2026,marriage,97913.54924339803
top_down,region,Севастополь,2026,marriage,0.0
top_down,region,Сумська,2026,marriage,76693.370109901
top_down,region,Тернопільська,2026,marriage,81607.37975872267
top_down,region,Харківська,2026,marriage,241164.50792700058
top_down,region,Херсонська,2026,marriage,84636.55952816021
top_down,region,Хмельницька,2026,marriage,96055.97319539695
top_down,region,Черкаська,2026,marriage,97103.80719899059
top_down,region,Чернівецька,2026,marriage,77572.27701312496
top_down,region,Чернігівська,2026,marriage,70913.80832401814
bottom_up,region,Івано-Франківська,2022,divorce,8028.3520146480205
bottom_up,region,Івано-Франківська,2023,divorce,8179.255451298589
bottom_up,region,Івано-Франківська,2024,divorce,8330.158887949157
bottom_up,region,Івано-Франківська,2025,divorce,8481.062324599727
bottom_up,region,Івано-Франківська,2026,divorce,8631.965761250296
bottom_up,region,Автономна Республіка Крим,2022,divorce,-437.8153064233286
bottom_up,region,Автономна Республіка Крим,2023,divorce,-825.588230270724
bottom_up,region,Автономна Республіка Крим,2024,divorce,-1213.3611541181197
bottom_up,region,Автономна Республіка Крим,2025,divorce,-1601.134077965515
bottom_up,region,Автономна Республіка Крим,2026,divorce,-1988.9070018129103
bottom_up,region,Волинська,2022,divorce,5506.148638017044
bottom_up,region,Волинська,2023,divorce,5609.905697352985
bottom_up,region,Волинська,2024,divorce,5713.662756688927
bottom_up,region,Волинська,2025,divorce,5817.41981602487
bottom_up,region,Волинська,2026,divorce,5921.176875360811
bottom_up,region,Вінницька,2022,divorce,10201.064533414483
bottom_up,region,Вінницька,2023,divorce,10335.956737816223
bottom_up,region,Вінницька,2024,divorce,10470.848942217963
bottom_up,region,Вінницька,2025,divorce,10605.7411466197
bottom_up,region,Вінницька,2026,divorce,10740.633351021439
bottom_up,region,Дніпропетровська,2022,divorce,23556.98518290975
bottom_up,region,Дніпропетровська,2023,divorce,23704.18531851581
bottom_up,region,Дніпропетровська,2024,divorce,23851.385454121875
bottom_up,region,Дніпропетровська,2025,divorce,23998.58558972794
bottom_up,region,Дніпропетровська,2026,divorce,24145.785725334004
bottom_up,region,Донецька,2022,divorce,11487.154913025935
bottom_up,region,Донецька,2023,divorce,11023.674058580986
bottom_up,region,Донецька,2024,divorce,10560.193204136038
bottom_up,region,Донецька,2025,divorce,10096.71234969109
bottom_up,region,Донецька,2026,divorce,9633.231495246142
bottom_up,region,Житомирська,2022,divorce,7831.875723067234
bottom_up,region,Житомирська,2023,divorce,7930.423036359557
bottom_up,region,Житомирська,2024,divorce,8028.97034965188
bottom_up,region,Житомирська,2025,divorce,8127.517662944202
bottom_up,region,Житомирська,2026,divorce,8226.064976236525
bottom_up,region,Закарпатська,2022,divorce,5686.940719452469
bottom_up,region,Закарпатська,2023,divorce,5792.513471230911
bottom_up,region,Закарпатська,2024,divorce,5898.086223009353
bottom_up,region,Закарпатська,2025,divorce,6003.658974787793
bottom_up,region,Закарпатська,2026,divorce,6109.231726566235
bottom_up,region,Запорізька,2022,divorce,11754.595576236456
bottom_up,region,Запорізька,2023,divorce,11798.956315906345
bottom_up,region,Запорізька,2024,divorce,11843.317055576237
bottom_up,region,Запорізька,2025,divorce,11887.677795246127
bottom_up,region,Запорізька,2026,divorce,11932.038534916019
bottom_up,region,Київ,2022,divorce,21377.069950393998
bottom_up,region,Київ,2023,divorce,21566.495670150583
bottom_up,region,Київ,2024,divorce,21755.92138990717
bottom_up,region,Київ,2025,divorce,21945.347109663755
bottom_up,region,Київ,2026,divorce,22134.77282942034
bottom_up,region,Київська,2022,divorce,14070.345048585814
bottom_up,region,Київська,2023,divorce,14302.517455415074
bottom_up,region,Київська,2024,divorce,14534.689862244333
bottom_up,region,Київська,2025,divorce,14766.862269073594
bottom_up,region,Київська,2026,divorce,14999.034675902853
bottom_up,region,Кіровоградська,2022,divorce,6095.906091608613
bottom_up,region,Кіровоградська,2023,divorce,6139.328746985703
bottom_up,region,Кіровоградська,2024,divorce,6182.751402362793
bottom_up,region,Кіровоградська,2025,divorce,6226.174057739883
bottom_up,region,Кіровоградська,2026,divorce,6269.596713116973
bottom_up,region,Луганська,2022,divorce,3854.904221735703
bottom_up,region,Луганська,2023,divorce,3583.8084383915366
bottom_up,region,Луганська,2024,divorce,3312.712655047371
bottom_up,region,Луганська,2025,divorce,3041.6168717032047
bottom_up,region,Луганська,2026,divorce,2770.5210883590385
bottom_up,region,Львівська,2022,divorce,12572.450368359438
bottom_up,region,Львівська,2023,divorce,12765.889502215217
bottom_up,region,Львівська,2024,divorce,12959.328636070999
bottom_up,region,Львівська,2025,divorce,13152.767769926779
bottom_up,region,Львівська,2026,divorce,13346.206903782559
bottom_up,region,Миколаївська,2022,divorce,7655.328010538543
bottom_up,region,Миколаївська,2023,divorce,7695.172673477162
bottom_up,region,Миколаївська,2024,divorce,7735.017336415782
bottom_up,region,Миколаївська,2025,divorce,7774.861999354402
bottom_up,region,Миколаївська,2026,divorce,7814.7066622930215
bottom_up,region,Одеська,2022,divorce,16842.550443074833
bottom_up,region,Одеська,2023,divorce,16965.83716103627
bottom_up,region,Одеська,2024,divorce,17089.123878997703
bottom_up,region,Одеська,2025,divorce,17212.41059695914
bottom_up,region,Одеська,2026,divorce,17335.697314920573
bottom_up,region,Полтавська,2022,divorce,9579.899228779997
bottom_up,region,Полтавська,2023,divorce,9676.933406523527
bottom_up,region,Полтавська,2024,divorce,9773.967584267057
bottom_up,region,Полтавська,2025,divorce,9871.001762010586
bottom_up,region,Полтавська,2026,divorce,9968.035939754116
bottom_up,region,Рівненська,2022,divorce,6141.978566960629
bottom_up,region,Рівненська,2023,divorce,6259.250578918461
bottom_up,region,Рівненська,2024,divorce,6376.522590876291
bottom_up,region,Рівненська,2025,divorce,6493.794602834123
bottom_up,region,Рівненська,2026,divorce,6611.066614791954
bottom_up,region,Севастополь,2022,divorce,-1.4689153105172534
bottom_up,region,Севастополь,2023,divorce,-2.909801182335473
bottom_up,region,Севастополь,2024,divorce,-4.350687054153692
bottom_up,region,Севастополь,2025,divorce,-5.791572925971911
bottom_up,region,Севастополь,2026,divorce,-7.23245879779013
bottom_up,region,Сумська,2022,divorce,6936.15367003552
bottom_up,region,Сумська,2023,divorce,7012.049167956617
bottom_up,region,Сумська,2024,divorce,7087.944665877713
bottom_up,region,Сумська,2025,divorce,7163.84016379881
bottom_up,region,Сумська,2026,divorce,7239.7356617199075
bottom_up,region,Тернопільська,2022,divorce,5783.942508253624
bottom_up,region,Тернопільська,2023,divorce,5897.147618322821
bottom_up,region,Тернопільська,2024,divorce,6010.352728392017
bottom_up,region,Тернопільська,2025,divorce,6123.557838461214
bottom_up,region,Тернопільська,2026,divorce,6236.7629485304105
bottom_up,region,Харківська,2022,divorce,19064.489698088302
bottom_up,region,Харківська,2023,divorce,19178.81242571448
bottom_up,region,Харківська,2024,divorce,19293.13515334066
bottom_up,region,Харківська,2025,divorce,19407.45788096684
bottom_up,region,Харківська,2026,divorce,19521.780608593017
bottom_up,region,Херсонська,2022,divorce,6612.893275628891
bottom_up,region,Херсонська,2023,divorce,6642.416053766853
bottom_up,region,Херсонська,2024,divorce,6671.938831904816
bottom_up,region,Херсонська,2025,divorce,6701.4616100427775
bottom_up,region,Херсонська,2026,divorce,6730.98438818074
bottom_up,region,Хмельницька,2022,divorce,8323.487779776637
bottom_up,region,Хмельницька,2023,divorce,8456.071155866872
bottom_up,region,Хмельницька,2024,divorce,8588.654531957105
bottom_up,region,Хмельницька,2025,divorce,8721.23790804734
bottom_up,region,Хмельницька,2026,divorce,8853.821284137573
bottom_up,region,Черкаська,2022,divorce,8085.856581395105
bottom_up,region,Черкаська,2023,divorce,8170.614546424094
bottom_up,region,Черкаська,2024,divorce,8255.372511453084
bottom_up,region,Черкаська,2025,divorce,8340.130476482074
bottom_up,region,Черкаська,2026,divorce,8424.888441511064
bottom_up,region,Чернівецька,2022,divorce,5232.810896352487
bottom_up,region,Чернівецька,2023,divorce,5308.376730030101
bottom_up,region,Чернівецька,2024,divorce,5383.942563707713
bottom_up,region,Чернівецька,2025,divorce,5459.508397385325
bottom_up,region,Чернівецька,2026,divorce,5535.074231062938
bottom_up,region,Чернігівська,2022,divorce,6731.250310471857
bottom_up,region,Чернігівська,2023,divorce,6813.320798925267
bottom_up,region,Чернігівська,2024,divorce,6895.391287378678
bottom_up,region,Чернігівська,2025,divorce,6977.461775832087
bottom_up,region,Чернігівська,2026,divorce,7059.532264285498
bottom_up,country,COUNTRY_TOTAL,2022,divorce,248575.14972907753
bottom_up,country,COUNTRY_TOTAL,2023,divorce,249980.414185729
bottom_up,country,COUNTRY_TOTAL,2024,divorce,251385.67864238043
bottom_up,country,COUNTRY_TOTAL,2025,divorce,252790.9430990319
bottom_up,country,COUNTRY_TOTAL,2026,divorce,254196.20755568336
top_down,country,COUNTRY_TOTAL,2022,divorce,246541.85342249367
top_down,country,COUNTRY_TOTAL,2023,divorce,247774.41314273616
top_down,country,COUNTRY_TOTAL,2024,divorce,249006.9728629786
top_down,country,COUNTRY_TOTAL,2025,divorce,250239.53258322107
top_down,country,COUNTRY_TOTAL,2026,divorce,251472.09230346355
top_down,region,Івано-Франківська,2022,divorce,7938.284193715526
top_down,region,Автономна Республіка Крим,2022,divorce,0.0
top_down,region,Волинська,2022,divorce,5312.494835851063
top_down,region,Вінницька,2022,divorce,10123.548476230113
top_down,region,Дніпропетровська,2022,divorce,23600.63089205042
top_down,region,Донецька,2022,divorce,12150.73542702777
top_down,region,Житомирська,2022,divorce,7770.054175311575
top_down,region,Закарпатська,2022,divorce,5643.066314380494
top_down,region,Запорізька,2022,divorce,11504.415392531957
top_down,region,Київ,2022,divorce,21486.7399969456
top_down,region,Київська,2022,divorce,13935.374692872472
top_down,region,Кіровоградська,2022,divorce,5897.898750224743
top_down,region,Луганська,2022,divorce,4188.998527065221
top_down,region,Львівська,2022,divorce,12350.13419356088
top_down,region,Миколаївська,2022,divorce,7668.730362175096
top_down,region,Одеська,2022,divorce,17031.7410786804
top_down,region,Полтавська,2022,divorce,9193.56237569891
top_down,region,Рівненська,2022,divorce,6126.740308150216
top_down,region,Севастополь,2022,divorce,0.0
top_down,region,Сумська,2022,divorce,6295.68101462226
top_down,region,Тернопільська,2022,divorce,5566.413529893479
top_down,region,Харківська,2022,divorce,19192.232805678657
top_down,region,Херсонська,2022,divorce,6565.945534230782
top_down,region,Хмельницька,2022,divorce,8168.141020309702
top_down,region,Черкаська,2022,divorce,7605.580650981821
top_down,region,Чернівецька,2022,divorce,5115.735767856579
top_down,region,Чернігівська,2022,divorce,6108.973106447927
top_down,region,Івано-Франківська,2023,divorce,7977.970799495373
top_down,region,Автономна Республіка Крим,2023,divorce,0.0
top_down,region,Волинська,2023,divorce,5339.054087587704
top_down,region,Вінницька,2023,divorce,10174.160077889244
top_down,region,Дніпропетровська,2023,divorce,23718.61973088665
top_down,region,Донецька,2023,divorce,12211.481733793838
top_down,region,Житомирська,2023,divorce,7808.899733044034
top_down,region,Закарпатська,2023,divorce,5671.278222992389
top_down,region,Запорізька,2023,divorce,11561.930491169074
top_down,region,Київ,2023,divorce,21594.160663546063
top_down,region,Київська,2023,divorce,14005.043113444808
top_down,region,Кіровоградська,2023,divorce,5927.384666440104
top_down,region,Луганська,2023,divorce,4209.940978746104
top_down,region,Львівська,2023,divorce,12411.877373208703
top_down,region,Миколаївська,2023,divorce,7707.069362302671
top_down,region,Одеська,2023,divorce,17116.889452993975
top_down,region,Полтавська,2023,divorce,9239.524610964518
top_down,region,Рівненська,2023,divorce,6157.370293344945
top_down,region,Севастополь,2023,divorce,0.0
top_down,region,Сумська,2023,divorce,6327.155600873629
top_down,region,Тернопільська,2023,divorce,5594.242221078833
top_down,region,Харківська,2023,divorce,19288.18232812042
top_down,region,Херсонська,2023,divorce,6598.771279143675
top_down,region,Хмельницька,2023,divorce,8208.97677079642
top_down,region,Черкаська,2023,divorce,7643.603940858657
top_down,region,Чернівецька,2023,divorce,5141.311343602974
top_down,region,Чернігівська,2023,divorce,6139.514266411339
top_down,region,Івано-Франківська,2024,divorce,8017.657405275219
top_down,region,Автономна Республіка Крим,2024,divorce,0.0
top_down,region,Волинська,2024,divorce,5365.613339324345
top_down,region,Вінницька,2024,divorce,10224.771679548376
top_down,region,Дніпропетровська,2024,divorce,23836.608569722874
top_down,region,Донецька,2024,divorce,12272.228040559905
top_down,region,Житомирська,2024,divorce,7847.745290776493
top_down,region,Закарпатська,2024,divorce,5699.490131604283
top_down,region,Запорізька,2024,divorce,11619.445589806191
top_down,region,Київ,2024,divorce,21701.581330146524
top_down,region,Київська,2024,divorce,14074.71153401714
top_down,region,Кіровоградська,2024,divorce,5956.870582655464
top_down,region,Луганська,2024,divorce,4230.883430426986
top_down,region,Львівська,2024,divorce,12473.620552856526
top_down,region,Миколаївська,2024,divorce,7745.408362430246
top_down,region,Одеська,2024,divorce,17202.037827307548
top_down,region,Полтавська,2024,divorce,9285.486846230122
top_down,region,Рівненська,2024,divorce,6188.000278539674
top_down,region,Севастополь,2024,divorce,0.0
top_down,region,Сумська,2024,divorce,6358.630187124997
top_down,region,Тернопільська,2024,divorce,5622.0709122641865
top_down,region,Харківська,2024,divorce,19384.131850562182
top_down,region,Херсонська,2024,divorce,6631.597024056568
top_down,region,Хмельницька,2024,divorce,8249.812521283138
top_down,region,Черкаська,2024,divorce,7681.627230735491
top_down,region,Чернівецька,2024,divorce,5166.886919349369
top_down,region,Чернігівська,2024,divorce,6170.05542637475
top_down,region,Івано-Франківська,2025,divorce,8057.3440110550655
top_down,region,Автономна Республіка Крим,2025,divorce,0.0
top_down,region,Волинська,2025,divorce,5392.172591060986
top_down,region,Вінницька,2025,divorce,10275.383281207507
top_down,region,Дніпропетровська,2025,divorce,23954.5974085591
top_down,region,Донецька,2025,divorce,12332.974347325971
top_down,region,Житомирська,2025,divorce,7886.59084850895
top_down,region,Закарпатська,2025,divorce,5727.702040216178
top_down,region,Запорізька,2025,divorce,11676.960688443307
top_down,region,Київ,2025,divorce,21809.001996746985
top_down,region,Київська,2025,divorce,14144.379954589473
top_down,region,Кіровоградська,2025,divorce,5986.356498870825
top_down,region,Луганська,2025,divorce,4251.825882107867
top_down,region,Львівська,2025,divorce,12535.36373250435
top_down,region,Миколаївська,2025,divorce,7783.7473625578195
top_down,region,Одеська,2025,divorce,17287.18620162112
top_down,region,Полтавська,2025,divorce,9331.449081495728
top_down,region,Рівненська,2025,divorce,6218.6302637344015
top_down,region,Севастополь,2025,divorce,0.0
top_down,region,Сумська,2025,divorce,6390.104773376366
top_down,region,Тернопільська,2025,divorce,5649.89960344954
top_down,region,Харківська,2025,divorce,19480.081373003944
top_down,region,Херсонська,2025,divorce,6664.422768969462
top_down,region,Хмельницька,2025,divorce,8290.648271769856
top_down,region,Черкаська,2025,divorce,7719.650520612326
top_down,region,Чернівецька,2025,divorce,5192.462495095765
top_down,region,Чернігівська,2025,divorce,6200.596586338161
top_down,region,Івано-Франківська,2026,divorce,8097.0306168349125
top_down,region,Автономна Республіка Крим,2026,divorce,0.0
top_down,region,Волинська,2026,divorce,5418.731842797628
top_down,region,Вінницька,2026,divorce,10325.994882866638
top_down,region,Дніпропетровська,2026,divorce,24072.58624739533
top_down,region,Донецька,2026,divorce,12393.72065409204
top_down,region,Житомирська,2026,divorce,7925.43640624141
top_down,region,Закарпатська,2026,divorce,5755.9139488280725
top_down,region,Запорізька,2026,divorce,11734.475787080424
top_down,region,Київ,2026,divorce,21916.42266334745
top_down,region,Київська,2026,divorce,14214.048375161807
top_down,region,Кіровоградська,2026,divorce,6015.8424150861865
top_down,region,Луганська,2026,divorce,4272.768333788749
top_down,region,Львівська,2026,divorce,12597.106912152172
top_down,region,Миколаївська,2026,divorce,7822.086362685394
top_down,region,Одеська,2026,divorce,17372.334575934692
top_down,region,Полтавська,2026,divorce,9377.411316761334
top_down,region,Рівненська,2026,divorce,6249.26024892913
top_down,region,Севастополь,2026,divorce,0.0
top_down,region,Сумська,2026,divorce,6421.579359627735
top_down,region,Тернопільська,2026,divorce,5677.728294634895
top_down,region,Харківська,2026,divorce,19576.03089544571
top_down,region,Херсонська,2026,divorce,6697.248513882356
top_down,region,Хмельницька,2026,divorce,8331.484022256574
top_down,region,Черкаська,2026,divorce,7757.673810489162
top_down,region,Чернівецька,2026,divorce,5218.038070842161
top_down,region,Чернігівська,2026,divorce,6231.137746301572
