region,approach,target,2022,2023,2024,2025,2026
Івано-Франківська,bottom_up,divorce,8028.3520146480205,8179.255451298589,8330.158887949157,8481.062324599727,8631.965761250296
Івано-Франківська,bottom_up,marriage,53665.43313013505,52146.7946330494,50628.156135963756,49109.51763887812,47590.87914179247
Івано-Франківська,top_down,divorce,7938.284193715526,7977.970799495373,8017.657405275219,8057.3440110550655,8097.0306168349125
Івано-Франківська,top_down,marriage,151012.32278107837,141011.07308780996,131009.82339454156,121008.57370127313,111007.3240080047
Автономна Республіка Крим,bottom_up,divorce,-437.8153064233286,-825.588230270724,-1213.3611541181197,-1601.134077965515,-1988.9070018129103
Автономна Республіка Крим,bottom_up,marriage,-8112.706618823133,-14764.400095830175,-21416.093572837217,-28067.787049844257,-34719.480526851294
Автономна Республіка Крим,top_down,divorce,0.0,0.0,0.0,0.0,0.0
Автономна Республіка Крим,top_down,marriage,0.0,0.0,0.0,0.0,0.0
Волинська,bottom_up,divorce,5506.148638017044,5609.905697352985,5713.662756688927,5817.41981602487,5921.176875360811
Волинська,bottom_up,marriage,42599.3376997848,41567.581318480195,40535.82493717558,39504.068555870974,38472.31217456637
Волинська,top_down,divorce,5312.494835851063,5339.054087587704,5365.613339324345,5392.172591060986,5418.731842797628
Волинська,top_down,marriage,117892.06051546465,110084.30077536475,102276.54103526488,94468.78129516498,86661.0215550651
Вінницька,bottom_up,divorce,10201.064533414483,10335.956737816223,10470.848942217963,10605.7411466197,10740.633351021439
Вінницька,bottom_up,marriage,56256.04705894253,51891.915790408195,47527.78452187386,43163.65325333952,38799.521984805186
Вінницька,top_down,divorce,10123.548476230113,10174.160077889244,10224.771679548376,10275.383281207507,10325.994882866638
Вінницька,top_down,marriage,171508.4452228521,160149.77757514862,148791.10992744513,137432.44227974163,126073.77463203811
Дніпропетровська,bottom_up,divorce,23556.98518290975,23704.18531851581,23851.385454121875,23998.58558972794,24145.785725334004
Дніпропетровська,bottom_up,marriage,126930.2748406036,119365.66446534554,111801.05409008748,104236.44371482942,96671.83333957136
Дніпропетровська,top_down,divorce,23600.63089205042,23718.61973088665,23836.608569722874,23954.5974085591,24072.58624739533
Дніпропетровська,top_down,marriage,394079.6593778255,367980.537134739,341881.41489165253,315782.292648566,289683.1704054795
Донецька,bottom_up,divorce,11487.154913025935,11023.674058580986,10560.193204136038,10096.71234969109,9633.231495246142
Донецька,bottom_up,marriage,47358.15917138386,36440.42616419383,25522.693157003803,14604.960149813778,3687.2271426237567
Донецька,top_down,divorce,12150.73542702777,12211.481733793838,12272.228040559905,12332.974347325971,12393.72065409204
Донецька,top_down,marriage,176678.93273766158,164977.83385177032,153276.73496587906,141575.63607998777,129874.53719409648
Житомирська,bottom_up,divorce,7831.875723067234,7930.423036359557,8028.97034965188,8127.517662944202,8226.064976236525
Житомирська,bottom_up,marriage,41793.129623659064,37993.82093933568,34194.5122550123,30395.203570688915,26595.894886365535
Житомирська,top_down,divorce,7770.054175311575,7808.899733044034,7847.745290776493,7886.59084850895,7925.43640624141
Житомирська,top_down,marriage,129334.80529410925,120769.21502998334,112203.62476585747,103638.03450173158,95072.4442376057
Закарпатська,bottom_up,divorce,5686.940719452469,5792.513471230911,5898.086223009353,6003.658974787793,6109.231726566235
Закарпатська,bottom_up,marriage,50805.48663175909,49571.3675042384,48337.24837671771,47103.129249197016,45869.01012167632
Закарпатська,top_down,divorce,5643.066314380494,5671.278222992389,5699.490131604283,5727.702040216178,5755.9139488280725
Закарпатська,top_down,marriage,139688.55316266866,130437.25450211791,121185.95584156716,111934.65718101639,102683.35852046563
Запорізька,bottom_up,divorce,11754.595576236456,11798.956315906345,11843.317055576237,11887.677795246127,11932.038534916019
Запорізька,bottom_up,marriage,61110.39081750976,56344.0573151092,51577.723812708646,46811.39031030808,42045.05680790752
Запорізька,top_down,divorce,11504.415392531957,11561.930491169074,11619.445589806191,11676.960688443307,11734.475787080424
Запорізька,top_down,marriage,190987.1832759713,178338.47704471837,165689.77081346544,153041.06458221248,140392.35835095952
Київ,bottom_up,divorce,21377.069950393998,21566.495670150583,21755.92138990717,21945.347109663755,22134.77282942034
Київ,bottom_up,marriage,190020.64019428022,184568.07433335372,179115.5084724272,173662.9426115007,168210.3767505742
Київ,top_down,divorce,21486.7399969456,21594.160663546063,21701.581330146524,21809.001996746985,21916.42266334745
Київ,top_down,marriage,535981.4308357552,500484.43282907776,464987.4348224004,429490.43681572296,393993.43880904553
Київська,bottom_up,divorce,14070.345048585814,14302.517455415074,14534.689862244333,14766.862269073594,14999.034675902853
Київська,bottom_up,marriage,84965.833914274,82965.58443242934,80965.3349505847,78965.08546874006,76964.8359868954
Київська,top_down,divorce,13935.374692872472,14005.043113444808,14074.71153401714,14144.379954589473,14214.048375161807
Київська,top_down,marriage,236824.14216934185,221139.74413075703,205455.3460921722,189770.94805358734,174086.5500150025
Кіровоградська,bottom_up,divorce,6095.906091608613,6139.328746985703,6182.751402362793,6226.174057739883,6269.596713116973
Кіровоградська,bottom_up,marriage,28582.09707237586,25585.896425512507,22589.695778649155,19593.4951317858,16597.294484922444
Кіровоградська,top_down,divorce,5897.898750224743,5927.384666440104,5956.870582655464,5986.356498870825,6015.8424150861865
Кіровоградська,top_down,marriage,87263.63896970295,81484.33946350012,75705.0399572973,69925.74045109448,64146.44094489165
Луганська,bottom_up,divorce,3854.904221735703,3583.8084383915366,3312.712655047371,3041.6168717032047,2770.5210883590385
Луганська,bottom_up,marriage,11252.691319601123,4768.827510192108,-1715.0362992169066,-8198.90010862592,-14682.763918034932
Луганська,top_down,divorce,4188.998527065221,4209.940978746104,4230.883430426986,4251.825882107867,4272.768333788749
Луганська,top_down,marriage,60040.67313285643,56064.29721402413,52087.92129519184,48111.54537635954,44135.16945752725
Львівська,bottom_up,divorce,12572.450368359438,12765.889502215217,12959.328636070999,13152.767769926779,13346.206903782559
Львівська,bottom_up,marriage,98681.67729202627,93123.93850068009,87566.19970933389,82008.46091798772,76450.72212664151
Львівська,top_down,divorce,12350.13419356088,12411.877373208703,12473.620552856526,12535.36373250435,12597.106912152172
Львівська,top_down,marriage,290897.62526407326,271632.0465889973,252366.46791392143,233100.8892388455,213835.3105637696
Миколаївська,bottom_up,divorce,7655.328010538543,7695.172673477162,7735.017336415782,7774.861999354402,7814.7066622930215
Миколаївська,bottom_up,marriage,40830.97516789323,37390.797064935134,33950.61896197703,30510.44085901893,27070.26275606083
Миколаївська,top_down,divorce,7668.730362175096,7707.069362302671,7745.408362430246,7783.7473625578195,7822.086362685394
Миколаївська,top_down,marriage,126753.76626008246,118359.1131444752,109964.46002886796,101569.80691326072,93175.15379765347
Одеська,bottom_up,divorce,16842.550443074833,16965.83716103627,17089.123878997703,17212.41059695914,17335.697314920573
Одеська,bottom_up,marriage,116409.496367271,113668.9493989065,110928.40243054199,108187.85546217747,105447.30849381296
Одеська,top_down,divorce,17031.7410786804,17116.889452993975,17202.037827307548,17287.18620162112,17372.334575934692
Одеська,top_down,marriage,337628.07465285534,315267.63004890166,292907.185444948,270546.7408409943,248186.2962370406
Полтавська,bottom_up,divorce,9579.899228779997,9676.933406523527,9773.967584267057,9871.001762010586,9968.035939754116
Полтавська,bottom_up,marriage,48905.09290137407,44549.99619482661,40194.899488279145,35839.80278173168,31484.706075184222
Полтавська,top_down,divorce,9193.56237569891,9239.524610964518,9285.486846230122,9331.449081495728,9377.411316761334
Полтавська,top_down,marriage,149267.3361344324,139381.65348127784,129495.97082812326,119610.2881749687,109724.60552181411
Рівненська,bottom_up,divorce,6141.978566960629,6259.250578918461,6376.522590876291,6493.794602834123,6611.066614791954
Рівненська,bottom_up,marriage,46849.62607718137,45649.4306782421,44449.23527930283,43249.03988036357,42048.8444814243
Рівненська,top_down,divorce,6126.740308150216,6157.370293344945,6188.000278539674,6218.6302637344015,6249.26024892913
Рівненська,top_down,marriage,133199.7923120713,124378.23154490298,115556.67077773467,106735.11001056635,97913.54924339803
Севастополь,bottom_up,divorce,-1.4689153105172534,-2.909801182335473,-4.350687054153692,-5.791572925971911,-7.23245879779013
Севастополь,bottom_up,marriage,-1737.9997893991645,-2950.9233957264,-4163.847002053635,-5376.770608380872,-6589.694214708106
Севастополь,top_down,divorce,0.0,0.0,0.0,0.0,0.0
Севастополь,top_down,marriage,0.0,0.0,0.0,0.0,0.0
Сумська,bottom_up,divorce,6936.15367003552,7012.049167956617,7087.944665877713,7163.84016379881,7239.7356617199075
Сумська,bottom_up,marriage,32945.40574219042,30078.654805438426,27211.903868686437,24345.15293193444,21478.401995182452
Сумська,top_down,divorce,6295.68101462226,6327.155600873629,6358.630187124997,6390.104773376366,6421.579359627735
Сумська,top_down,marriage,104332.25073842813,97422.53058129635,90512.81042416458,83603.09026703279,76693.370109901
Тернопільська,bottom_up,divorce,5783.942508253624,5897.147618322821,6010.352728392017,6123.557838461214,6236.7629485304105
Тернопільська,bottom_up,marriage,37298.01398056766,35136.926357662654,32975.83873475764,30814.751111852638,28653.663488947634
Тернопільська,top_down,divorce,5566.413529893479,5594.242221078833,5622.0709122641865,5649.89960344954,5677.728294634895
Тернопільська,top_down,marriage,111017.1791237271,103664.729282476,96312.27944122489,88959.82959997377,81607.37975872267
Харківська,bottom_up,divorce,19064.489698088302,19178.81242571448,19293.13515334066,19407.45788096684,19521.780608593017
Харківська,bottom_up,marriage,110754.99084952929,104773.71813883464,98792.44542813997,92811.17271744531,86829.90000675066
Харківська,top_down,divorce,19192.232805678657,19288.18232812042,19384.131850562182,19480.081373003944,19576.03089544571
Харківська,top_down,marriage,328075.7629270119,306347.94917700905,284620.13542700623,262892.3216770034,241164.50792700058
Херсонська,bottom_up,divorce,6612.893275628891,6642.416053766853,6671.938831904816,6701.4616100427775,6730.98438818074
Херсонська,bottom_up,marriage,39069.69296245475,36400.24221478506,33730.79146711537,31061.34071944569,28391.889971776
Херсонська,top_down,divorce,6565.945534230782,6598.771279143675,6631.597024056568,6664.422768969462,6697.248513882356
Херсонська,top_down,marriage,115138.01959251662,107512.6545764275,99887.28956033842,92261.92454424931,84636.55952816021
Хмельницька,bottom_up,divorce,8323.487779776637,8456.071155866872,8588.654531957105,8721.23790804734,8853.821284137573
Хмельницька,bottom_up,marriage,42352.55837883429,38392.22527405048,34431.89216926667,30471.559064482855,26511.22595969904
Хмельницька,top_down,divorce,8168.141020309702,8208.97677079642,8249.812521283138,8290.648271769856,8331.484022256574
Хмельницька,top_down,marriage,130672.7800067309,122018.5783038974,113364.37660106392,104710.17489823043,96055.97319539695
Черкаська,bottom_up,divorce,8085.856581395105,8170.614546424094,8255.372511453084,8340.130476482074,8424.888441511064
Черкаська,bottom_up,marriage,41477.57876670906,38403.53668507636,35329.494603443665,32255.452521810967,29181.410440178268
Черкаська,top_down,divorce,7605.580650981821,7643.603940858657,7681.627230735491,7719.650520612326,7757.673810489162
Черкаська,top_down,marriage,132098.23412145456,123349.62739083858,114601.0206602226,105852.4139296066,97103.80719899059
Чернівецька,bottom_up,divorce,5232.810896352487,5308.376730030101,5383.942563707713,5459.508397385325,5535.074231062938
Чернівецька,bottom_up,marriage,33517.449307678595,31187.653438269044,28857.8575688595,26528.06169944995,24198.265830040407
Чернівецька,top_down,divorce,5115.735767856579,5141.311343602974,5166.886919349369,5192.462495095765,5218.038070842161
Чернівецька,top_down,marriage,105527.89953142671,98538.99390185127,91550.08827227584,84561.1826427004,77572.27701312496
Чернігівська,bottom_up,divorce,6731.250310471857,6813.320798925267,6895.391287378678,6977.461775832087,7059.532264285498
Чернігівська,bottom_up,marriage,32080.395967485812,29330.715469286977,26581.03497108814,23831.354472889303,21081.673974690464
Чернігівська,top_down,divorce,6108.973106447927,6139.514266411339,6170.05542637475,6200.596586338161,6231.137746301572
Чернігівська,top_down,marriage,96469.84113849945,90080.83293487913,83691.8247312588,77302.81652763847,70913.80832401814
